Workbook

Sheet Recommendation
A1: Generated: 9/14/2026, 5:22:30 PM
A2: THIS WEEK'S PICK (Week 1)
A3: Los Angeles Chargers | B3: 0.72595553
A5: Top alternatives this week
A6: Team | B6: Win Probability | C6: Power Ranking
A7: Los Angeles Chargers | B7: 0.72595553 | C7: 0.55142315
A8: Jacksonville Jaguars | B8: 0.61328448 | C8: 0.49231499
A9: Baltimore Ravens | B9: 0.61258621 | C9: 0.67419355
A10: Las Vegas Raiders | B10: 0.60645629 | C10: 0.31726755
A11: Detroit Lions | B11: 0.59009629 | C11: 0.61053131
A14: Full remaining-season plan (recomputed weekly — not locked in)
A15: Week | B15: Planned Team | C15: Win Probability | D15: Power Ranking
A16: 1 | B16: Los Angeles Chargers | C16: 0.72595553 | D16: 0.55142315
A17: 2 | B17: San Francisco 49ers | C17: 0.87209302 | D17: 0.56736243
A18: 3 | B18: Detroit Lions | C18: 0.77205882 | D18: 0.61053131
A19: 4 | B19: Minnesota Vikings | C19: 0.77205882 | D19: 0.48776091
A20: 5 | B20: New England Patriots | C20: 0.76635514 | D20: 0.59686907
A21: 6 | B21: Los Angeles Rams | C21: 0.76469326 | D21: 0.67647059
A22: 7 | B22: Denver Broncos | C22: 0.75048733 | D22: 0.55597723
A23: 8 | B23: Dallas Cowboys | C23: 0.81210191 | D23: 0.54003795
A24: 9 | B24: Seattle Seahawks | C24: 0.85768742 | D24: 0.61963947
A25: 10 | B25: Indianapolis Colts | C25: 0.72614108 | D25: 0.42637571
A26: 11 | B26: Kansas City Chiefs | C26: 0.82191781 | D26: 0.61508539
A27: 12 | B27: Cincinnati Bengals | C27: 0.71428571 | D27: 0.60370019
... A33: 18 | B33: Houston Texans | C33: 0.71729958 | D33: 0.55825427

Sheet Pool Data -->

Sheet Pools Picks
A1: Player | B1: Week 1 | C1: Week 2 | D1: Week 3 | E1: Week 4 | F1: Week 5 | G1: Week 6 | H1: Week 7 | I1: Week 8 | J1: Week 9 | K1: Week 10 | L1: Week 11 | M1: Week 12 | N1: Week 13 | O1: Week 14 | P1: Week 15 | Q1: Week 16 | R1: Week 17 | S1: Week 18
A2: Player 1
A3: Player 2
A4: Player 3
A5: Player n
A6: Me

Sheet Algorithm Inputs -->

Sheet Algorithm Game Lines
A1: ='Game Lines'!A5 -> Game Time | B1: ='Game Lines'!B5 -> Away Team | C1: ='Game Lines'!C5 -> Home Team | D1: ='Game Lines'!D5 -> Moneyline Away | E1: ='Game Lines'!E5 -> Moneyline Home | F1: ='Game Lines'!F5 -> Spread Away | G1: ='Game Lines'!G5 -> Spread Away Odds | H1: ='Game Lines'!H5 -> Spread Home | ... J1: ='Game Lines'!J5 -> Line Last Updated | K1: Week # | L1: ='Game Lines'!L5 -> 0
A2: ='Game Lines'!A7 -> 46285.542 | B2: ='Game Lines'!B7 -> Carolina Panthers | C2: ='Game Lines'!C7 -> Atlanta Falcons | D2: ='Game Lines'!D7 -> 1.65 | E2: ='Game Lines'!E7 -> 2.3 | F2: ='Game Lines'!F7 -> -2.5 | G2: ='Game Lines'!G7 -> 1.85 | H2: ='Game Lines'!H7 -> 2.5 | ... J2: ='Game Lines'!J7 -> 46282.683 | K2: {=_xlfn.XLOOKUP(DATEVALUE(A2),'Week Lookup Table'!A:A,'Week Lookup Table'!B:B)} -> #VALUE! | L2: ='Game Lines'!L7 -> 0
A3: ='Game Lines'!A8 -> 46285.542 | B3: ='Game Lines'!B8 -> New Orleans Saints | C3: ='Game Lines'!C8 -> Baltimore Ravens | D3: ='Game Lines'!D8 -> 4 | E3: ='Game Lines'!E8 -> 1.26 | F3: ='Game Lines'!F8 -> 8.5 | G3: ='Game Lines'!G8 -> 1.87 | H3: ='Game Lines'!H8 -> -8.5 | ... J3: ='Game Lines'!J8 -> 46282.683 | K3: {=_xlfn.XLOOKUP(DATEVALUE(A3),'Week Lookup Table'!A:A,'Week Lookup Table'!B:B)} -> #VALUE! | L3: ='Game Lines'!L8 -> 0
A4: ='Game Lines'!A9 -> 46285.542 | B4: ='Game Lines'!B9 -> Minnesota Vikings | C4: ='Game Lines'!C9 -> Chicago Bears | D4: ='Game Lines'!D9 -> 2.64 | E4: ='Game Lines'!E9 -> 1.51 | F4: ='Game Lines'!F9 -> 4.5 | G4: ='Game Lines'!G9 -> 1.89 | H4: ='Game Lines'!H9 -> -4.5 | ... J4: ='Game Lines'!J9 -> 46282.683 | K4: {=_xlfn.XLOOKUP(DATEVALUE(A4),'Week Lookup Table'!A:A,'Week Lookup Table'!B:B)} -> #VALUE! | L4: ='Game Lines'!L9 -> 0
A5: ='Game Lines'!A10 -> 46285.542 | B5: ='Game Lines'!B10 -> Cincinnati Bengals | C5: ='Game Lines'!C10 -> Houston Texans | D5: ='Game Lines'!D10 -> 2.2 | E5: ='Game Lines'!E10 -> 1.7 | F5: ='Game Lines'!F10 -> 2.5 | G5: ='Game Lines'!G10 -> 1.98 | H5: ='Game Lines'!H10 -> -2.5 | ... J5: ='Game Lines'!J10 -> 46282.683 | K5: {=_xlfn.XLOOKUP(DATEVALUE(A5),'Week Lookup Table'!A:A,'Week Lookup Table'!B:B)} -> #VALUE! | L5: ='Game Lines'!L10 -> 0
A6: ='Game Lines'!A11 -> 46285.542 | B6: ='Game Lines'!B11 -> Cleveland Browns | C6: ='Game Lines'!C11 -> Tampa Bay Buccaneers | D6: ='Game Lines'!D11 -> 4.5 | E6: ='Game Lines'!E11 -> 1.22 | F6: ='Game Lines'!F11 -> 8.5 | G6: ='Game Lines'!G11 -> 1.89 | H6: ='Game Lines'!H11 -> -8.5 | ... J6: ='Game Lines'!J11 -> 46282.683 | K6: {=_xlfn.XLOOKUP(DATEVALUE(A6),'Week Lookup Table'!A:A,'Week Lookup Table'!B:B)} -> #VALUE! | L6: ='Game Lines'!L11 -> 0
A7: ='Game Lines'!A12 -> 46285.542 | B7: ='Game Lines'!B12 -> Green Bay Packers | C7: ='Game Lines'!C12 -> New York Jets | D7: ='Game Lines'!D12 -> 1.52 | E7: ='Game Lines'!E12 -> 2.6 | F7: ='Game Lines'!F12 -> -3.5 | G7: ='Game Lines'!G12 -> 1.89 | H7: ='Game Lines'!H12 -> 3.5 | ... J7: ='Game Lines'!J12 -> 46282.683 | K7: {=_xlfn.XLOOKUP(DATEVALUE(A7),'Week Lookup Table'!A:A,'Week Lookup Table'!B:B)} -> #VALUE! | L7: ='Game Lines'!L12 -> 0
A8: ='Game Lines'!A13 -> 46285.542 | B8: ='Game Lines'!B13 -> Pittsburgh Steelers | C8: ='Game Lines'!C13 -> New England Patriots | D8: ='Game Lines'!D13 -> 2.8 | E8: ='Game Lines'!E13 -> 1.46 | F8: ='Game Lines'!F13 -> 5.5 | G8: ='Game Lines'!G13 -> 1.87 | H8: ='Game Lines'!H13 -> -5.5 | ... J8: ='Game Lines'!J13 -> 46282.683 | K8: {=_xlfn.XLOOKUP(DATEVALUE(A8),'Week Lookup Table'!A:A,'Week Lookup Table'!B:B)} -> #VALUE! | L8: ='Game Lines'!L13 -> 0
A9: ='Game Lines'!A14 -> 46285.542 | B9: ='Game Lines'!B14 -> Philadelphia Eagles | C9: ='Game Lines'!C14 -> Tennessee Titans | D9: ='Game Lines'!D14 -> 1.32 | E9: ='Game Lines'!E14 -> 3.5 | F9: ='Game Lines'!F14 -> -7 | G9: ='Game Lines'!G14 -> 1.91 | H9: ='Game Lines'!H14 -> 7 | ... J9: ='Game Lines'!J14 -> 46282.683 | K9: {=_xlfn.XLOOKUP(DATEVALUE(A9),'Week Lookup Table'!A:A,'Week Lookup Table'!B:B)} -> #VALUE! | L9: ='Game Lines'!L14 -> 0
A10: ='Game Lines'!A15 -> 46285.67 | B10: ='Game Lines'!B15 -> Jacksonville Jaguars | C10: ='Game Lines'!C15 -> Denver Broncos | D10: ='Game Lines'!D15 -> 2.24 | E10: ='Game Lines'!E15 -> 1.68 | F10: ='Game Lines'!F15 -> 2.5 | G10: ='Game Lines'!G15 -> 1.98 | H10: ='Game Lines'!H15 -> -2.5 | ... J10: ='Game Lines'!J15 -> 46282.683 | K10: {=_xlfn.XLOOKUP(DATEVALUE(A10),'Week Lookup Table'!A:A,'Week Lookup Table'!B:B)} -> #VALUE! | L10: ='Game Lines'!L15 -> 0
A11: ='Game Lines'!A16 -> 46285.67 | B11: ='Game Lines'!B16 -> Las Vegas Raiders | C11: ='Game Lines'!C16 -> Los Angeles Chargers | D11: ='Game Lines'!D16 -> 3.45 | E11: ='Game Lines'!E16 -> 1.33 | F11: ='Game Lines'!F16 -> 6.5 | G11: ='Game Lines'!G16 -> 1.98 | H11: ='Game Lines'!H16 -> -6.5 | ... J11: ='Game Lines'!J16 -> 46282.683 | K11: {=_xlfn.XLOOKUP(DATEVALUE(A11),'Week Lookup Table'!A:A,'Week Lookup Table'!B:B)} -> #VALUE! | L11: ='Game Lines'!L16 -> 0
A12: ='Game Lines'!A17 -> 46285.684 | B12: ='Game Lines'!B17 -> Seattle Seahawks | C12: ='Game Lines'!C17 -> Arizona Cardinals | D12: ='Game Lines'!D17 -> 1.44 | E12: ='Game Lines'!E17 -> 2.85 | F12: ='Game Lines'!F17 -> -3.5 | G12: ='Game Lines'!G17 -> 1.83 | H12: ='Game Lines'!H17 -> 3.5 | ... J12: ='Game Lines'!J17 -> 46282.683 | K12: {=_xlfn.XLOOKUP(DATEVALUE(A12),'Week Lookup Table'!A:A,'Week Lookup Table'!B:B)} -> #VALUE! | L12: ='Game Lines'!L17 -> 0
A13: ='Game Lines'!A18 -> 46285.684 | B13: ='Game Lines'!B18 -> Washington Commanders | C13: ='Game Lines'!C18 -> Dallas Cowboys | D13: ='Game Lines'!D18 -> 2.8 | E13: ='Game Lines'!E18 -> 1.46 | F13: ='Game Lines'!F18 -> 4.5 | G13: ='Game Lines'!G18 -> 1.87 | H13: ='Game Lines'!H18 -> -4.5 | ... J13: ='Game Lines'!J18 -> 46282.683 | K13: {=_xlfn.XLOOKUP(DATEVALUE(A13),'Week Lookup Table'!A:A,'Week Lookup Table'!B:B)} -> #VALUE! | L13: ='Game Lines'!L18 -> 0
... A272: ='Game Lines'!A277 -> 0 | B272: ='Game Lines'!B277 -> 0 | C272: ='Game Lines'!C277 -> 0 | D272: ='Game Lines'!D277 -> 0 | E272: ='Game Lines'!E277 -> 0 | F272: ='Game Lines'!F277 -> 0 | G272: ='Game Lines'!G277 -> 0 | H272: ='Game Lines'!H277 -> 0 | ... J272: ='Game Lines'!J277 -> 0 | K272: {=_xlfn.XLOOKUP(DATEVALUE(A272),'Week Lookup Table'!A:A,'Week Lookup Table'!B:B)} -> #VALUE! | L272: ='Game Lines'!L277 -> 0
A273: ='Game Lines'!A278 -> 0 | B273: ='Game Lines'!B278 -> 0 | C273: ='Game Lines'!C278 -> 0 | D273: ='Game Lines'!D278 -> 0 | E273: ='Game Lines'!E278 -> 0 | F273: ='Game Lines'!F278 -> 0 | G273: ='Game Lines'!G278 -> 0 | H273: ='Game Lines'!H278 -> 0 | ... L273: ='Game Lines'!L278 -> 0
A274: ='Game Lines'!A279 -> 0 | B274: ='Game Lines'!B279 -> 0 | C274: ='Game Lines'!C279 -> 0 | D274: ='Game Lines'!D279 -> 0 | E274: ='Game Lines'!E279 -> 0 | F274: ='Game Lines'!F279 -> 0 | G274: ='Game Lines'!G279 -> 0 | H274: ='Game Lines'!H279 -> 0 | ... L274: ='Game Lines'!L279 -> 0

Sheet Super Bowl Futures
A1: Requests Used | B1: 18
A2: Requests Remaining | B2: 482
A3: Last Updated | B3: 46282.684
A5: Team | B5: Super Bowl Odds | C5: Line Last Updated
A6: Los Angeles Rams | B6: 7.5 | C6: 46282.683
A7: Baltimore Ravens | B7: 10 | C7: 46282.683
A8: Buffalo Bills | B8: 10.5 | C8: 46282.683
A9: Seattle Seahawks | B9: 12 | C9: 46282.683
A10: San Francisco 49ers | B10: 15 | C10: 46282.683
A11: Kansas City Chiefs | B11: 15 | C11: 46282.683
A12: Philadelphia Eagles | B12: 18 | C12: 46282.683
A13: Detroit Lions | B13: 19 | C13: 46282.683
A14: Houston Texans | B14: 20 | C14: 46282.683
A15: Cincinnati Bengals | B15: 20 | C15: 46282.683
A16: Los Angeles Chargers | B16: 21 | C16: 46282.683
A17: Green Bay Packers | B17: 21 | C17: 46282.683
... A37: Miami Dolphins | B37: 501 | C37: 46282.683

Sheet Preseason Win Totals
A1: Team | B1: Win Total | C1: Over (American) | D1: Under (American) | E1: Over (Decimal) | F1: Under (Decimal) | G1: Line Last Updated (Manually)
A2: Baltimore Ravens | B2: 11.5 | C2: +115 | D2: -140 | E2: 2.15 | F2: 1.71 | G2: 46268.6
A3: Los Angeles Rams | B3: 11.5 | C3: -130 | D3: +110 | E3: 1.77 | F3: 2.1 | G3: 46268.6
A4: Buffalo Bills | B4: 10.5 | C4: -120 | D4: +100 | E4: 1.83 | F4: 2 | G4: 46268.6
A5: Cincinnati Bengals | B5: 10.5 | C5: +115 | D5: -140 | E5: 2.15 | F5: 1.71 | G5: 46268.6
A6: Detroit Lions | B6: 10.5 | C6: -115 | D6: -105 | E6: 1.87 | F6: 1.95 | G6: 46268.6
A7: Kansas City Chiefs | B7: 10.5 | C7: +115 | D7: -140 | E7: 2.15 | F7: 1.71 | G7: 46268.6
A8: New England Patriots | B8: 10.5 | C8: +115 | D8: -140 | E8: 2.15 | F8: 1.71 | G8: 46268.6
A9: Philadelphia Eagles | B9: 10.5 | C9: +115 | D9: -140 | E9: 2.15 | F9: 1.71 | G9: 46268.6
A10: Seattle Seahawks | B10: 10.5 | C10: -115 | D10: -105 | E10: 1.87 | F10: 1.95 | G10: 46268.6
A11: Chicago Bears | B11: 9.5 | C11: +105 | D11: -125 | E11: 2.05 | F11: 1.8 | G11: 46268.6
A12: Dallas Cowboys | B12: 9.5 | C12: +100 | D12: -120 | E12: 2 | F12: 1.83 | G12: 46268.6
A13: Denver Broncos | B13: 9.5 | C13: -115 | D13: -105 | E13: 1.87 | F13: 1.95 | G13: 46268.6
A14: Green Bay Packers | B14: 9.5 | C14: -130 | D14: +110 | E14: 1.77 | F14: 2.1 | G14: 46268.6
A15: Houston Texans | B15: 9.5 | C15: -146 | D15: +124 | E15: 1.68 | F15: 2.24 | G15: 46268.6
A16: Los Angeles Chargers | B16: 9.5 | C16: -140 | D16: +115 | E16: 1.71 | F16: 2.15 | G16: 46268.6
A17: San Francisco 49ers | B17: 9.5 | C17: -146 | D17: +120 | E17: 1.68 | F17: 2.2 | G17: 46268.6
A18: Jacksonville Jaguars | B18: 8.5 | C18: -140 | D18: +116 | E18: 1.71 | F18: 2.16 | G18: 46268.6
A19: Minnesota Vikings | B19: 8.5 | C19: -120 | D19: +100 | E19: 1.83 | F19: 2 | G19: 46268.6
A20: Pittsburgh Steelers | B20: 8.5 | C20: +110 | D20: -130 | E20: 2.1 | F20: 1.77 | G20: 46268.6
A21: Tampa Bay Buccaneers | B21: 8.5 | C21: +115 | D21: -136 | E21: 2.15 | F21: 1.74 | G21: 46268.6
A22: Atlanta Falcons | B22: 7.5 | C22: +120 | D22: -140 | E22: 2.2 | F22: 1.71 | G22: 46268.6
A23: Carolina Panthers | B23: 7.5 | C23: +115 | D23: -136 | E23: 2.15 | F23: 1.74 | G23: 46268.6
A24: Indianapolis Colts | B24: 7.5 | C24: -140 | D24: +115 | E24: 1.71 | F24: 2.15 | G24: 46268.6
A25: New Orleans Saints | B25: 7.5 | C25: -120 | D25: +100 | E25: 1.83 | F25: 2 | G25: 46268.6
A26: New York Giants | B26: 7.5 | C26: -110 | D26: -110 | E26: 1.91 | F26: 1.91 | G26: 46268.6
A27: Washington Commanders | B27: 7.5 | C27: +105 | D27: -125 | E27: 2.05 | F27: 1.8 | G27: 46268.6
A28: Tennessee Titans | B28: 6.5 | C28: +100 | D28: -120 | E28: 2 | F28: 1.83 | G28: 46268.6
A29: Cleveland Browns | B29: 5.5 | C29: -125 | D29: +105 | E29: 1.8 | F29: 2.05 | G29: 46268.6
A30: Las Vegas Raiders | B30: 5.5 | C30: -150 | D30: +125 | E30: 1.67 | F30: 2.25 | G30: 46268.6
A31: New York Jets | B31: 5.5 | C31: -115 | D31: -105 | E31: 1.87 | F31: 1.95 | G31: 46268.6
A32: Arizona Cardinals | B32: 3.5 | C32: -136 | D32: +115 | E32: 1.74 | F32: 2.15 | G32: 46268.6
A33: Miami Dolphins | B33: 3.5 | C33: -140 | D33: +110 | E33: 1.71 | F33: 2.1 | G33: 46268.6

Sheet ArchiveStorage -->

Sheet 2026 Schedule
A1: Week | B1: Home Team | C1: v | D1: Road Team | F1: Week | G1: Home Team | H1: v | I1: Road Team | K1: Week | L1: Home Team | M1: v | N1: Road Team | P1: Week | Q1: Home Team | R1: v | S1: Road Team | U1: Week | V1: Home Team | W1: v | X1: Road Team | Z1: Week | AA1: Home Team | AB1: v | AC1: Road Team | AE1: Week | AF1: Home Team | AG1: v | AH1: Road Team | AJ1: Week | AK1: Home Team | AL1: v | AM1: Road Team | AO1: Week | AP1: Home Team | AQ1: v | AR1: Road Team | AT1: Week | AU1: Home Team | AV1: v | AW1: Road Team | AY1: Week | AZ1: Home Team | BA1: v | BB1: Road Team | BD1: Week | BE1: Home Team | BF1: v | BG1: Road Team | BI1: Week | BJ1: Home Team | BK1: v | BL1: Road Team | BN1: Week | BO1: Home Team | BP1: v | BQ1: Road Team | BS1: Week | BT1: Home Team | BU1: v | BV1: Road Team | BX1: Week | BY1: Home Team | BZ1: v | CA1: Road Team | CC1: Week | CD1: Home Team | CE1: v | CF1: Road Team | CH1: Week | CI1: Home Team | CJ1: v | CK1: Road Team
A2: 1 | B2: Seattle Seahawks | C2: v | D2: New England Patriots | F2: 2 | G2: Buffalo Bills | H2: v | I2: Detroit Lions | K2: 3 | L2: Green Bay Packers | M2: v | N2: Atlanta Falcons | P2: 4 | Q2: Cleveland Browns | R2: v | S2: Pittsburgh Steelers | U2: 5 | V2: Dallas Cowboys | W2: v | X2: Tampa Bay Buccaneers | Z2: 6 | AA2: Denver Broncos | AB2: v | AC2: Seattle Seahawks | AE2: 7 | AF2: Chicago Bears | AG2: v | AH2: New England Patriots | AJ2: 8 | AK2: Green Bay Packers | AL2: v | AM2: Carolina Panthers | AO2: 9 | AP2: Baltimore Ravens | AQ2: v | AR2: Jacksonville Jaguars | AT2: 10 | AU2: New York Giants | AV2: v | AW2: Washington Commanders | AY2: 11 | AZ2: Houston Texans | BA2: v | BB2: Indianapolis Colts | BD2: 12 | BE2: Los Angeles Rams | BF2: v | BG2: Green Bay Packers | BI2: 13 | BJ2: Los Angeles Rams | BK2: v | BL2: Kansas City Chiefs | BN2: 14 | BO2: New England Patriots | BP2: v | BQ2: Minnesota Vikings | BS2: 15 | BT2: Los Angeles Chargers | BU2: v | BV2: San Francisco 49ers | BX2: 16 | BY2: Philadelphia Eagles | BZ2: v | CA2: Houston Texans | CC2: 17 | CD2: Cincinnati Bengals | CE2: v | CF2: Baltimore Ravens | CH2: 18 | CI2: Buffalo Bills | CJ2: v | CK2: New York Jets
A3: 1 | B3: Los Angeles Rams | C3: v | D3: San Francisco 49ers | F3: 2 | G3: Atlanta Falcons | H3: v | I3: Carolina Panthers | K3: 3 | L3: Buffalo Bills | M3: v | N3: Los Angeles Chargers | P3: 4 | Q3: Washington Commanders | R3: v | S3: Indianapolis Colts | U3: 5 | V3: Jacksonville Jaguars | W3: v | X3: Philadelphia Eagles | Z3: 6 | AA3: Jacksonville Jaguars | AB3: v | AC3: Houston Texans | AE3: 7 | AF3: New Orleans Saints | AG3: v | AH3: Pittsburgh Steelers | AJ3: 8 | AK3: Buffalo Bills | AL3: v | AM3: Baltimore Ravens | AO3: 9 | AP3: Atlanta Falcons | AQ3: v | AR3: Cincinnati Bengals | AT3: 10 | AU3: Detroit Lions | AV3: v | AW3: New England Patriots | AY3: 11 | AZ3: Buffalo Bills | BA3: v | BB3: Miami Dolphins | BD3: 12 | BE3: Detroit Lions | BF3: v | BG3: Chicago Bears | BI3: 13 | BJ3: Atlanta Falcons | BK3: v | BL3: Detroit Lions | BN3: 14 | BO3: Carolina Panthers | BP3: v | BQ3: New Orleans Saints | BS3: 15 | BT3: Philadelphia Eagles | BU3: v | BV3: Seattle Seahawks | BX3: 16 | BY3: Chicago Bears | BZ3: v | CA3: Green Bay Packers | CC3: 17 | CD3: Atlanta Falcons | CE3: v | CF3: New Orleans Saints | CH3: 18 | CI3: Carolina Panthers | CJ3: v | CK3: Atlanta Falcons
A4: 1 | B4: Carolina Panthers | C4: v | D4: Chicago Bears | F4: 2 | G4: Chicago Bears | H4: v | I4: Minnesota Vikings | K4: 3 | L4: Cleveland Browns | M4: v | N4: Carolina Panthers | P4: 4 | Q4: Buffalo Bills | R4: v | S4: New England Patriots | U4: 5 | V4: Miami Dolphins | W4: v | X4: Cincinnati Bengals | Z4: 6 | AA4: Atlanta Falcons | AB4: v | AC4: Chicago Bears | AE4: 7 | AF4: Atlanta Falcons | AG4: v | AH4: San Francisco 49ers | AJ4: 8 | AK4: Cincinnati Bengals | AL4: v | AM4: Tennessee Titans | AO4: 9 | AP4: Carolina Panthers | AQ4: v | AR4: Denver Broncos | AT4: 10 | AU4: Atlanta Falcons | AV4: v | AW4: Kansas City Chiefs | AY4: 11 | AZ4: Carolina Panthers | BA4: v | BB4: Baltimore Ravens | BD4: 12 | BE4: Dallas Cowboys | BF4: v | BG4: Philadelphia Eagles | BI4: 13 | BJ4: Chicago Bears | BK4: v | BL4: Jacksonville Jaguars | BN4: 14 | BO4: Cleveland Browns | BP4: v | BQ4: Atlanta Falcons | BS4: 15 | BT4: Buffalo Bills | BU4: v | BV4: Chicago Bears | BX4: 16 | BY4: Denver Broncos | BZ4: v | CA4: Buffalo Bills | CC4: 17 | CD4: Carolina Panthers | CE4: v | CF4: Seattle Seahawks | CH4: 18 | CI4: Cincinnati Bengals | CJ4: v | CK4: Cleveland Browns
A5: 1 | B5: Cincinnati Bengals | C5: v | D5: Tampa Bay Buccaneers | F5: 2 | G5: Houston Texans | H5: v | I5: Cincinnati Bengals | K5: 3 | L5: Indianapolis Colts | M5: v | N5: Houston Texans | P5: 4 | Q5: Chicago Bears | R5: v | S5: New York Jets | U5: 5 | V5: New Orleans Saints | W5: v | X5: Minnesota Vikings | Z5: 6 | AA5: Cleveland Browns | AB5: v | AC5: Baltimore Ravens | AE5: 7 | AF5: Carolina Panthers | AG5: v | AH5: Tampa Bay Buccaneers | AJ5: 8 | AK5: Dallas Cowboys | AL5: v | AM5: Arizona Cardinals | AO5: 9 | AP5: Indianapolis Colts | AQ5: v | AR5: Dallas Cowboys | AT5: 10 | AU5: Cleveland Browns | AV5: v | AW5: Houston Texans | AY5: 11 | AZ5: Chicago Bears | BA5: v | BB5: New Orleans Saints | BD5: 12 | BE5: Buffalo Bills | BF5: v | BG5: Kansas City Chiefs | BI5: 13 | BJ5: Cleveland Browns | BK5: v | BL5: Cincinnati Bengals | BN5: 14 | BO5: Detroit Lions | BP5: v | BQ5: Tennessee Titans | BS5: 15 | BT5: Carolina Panthers | BU5: v | BV5: Cincinnati Bengals | BX5: 16 | BY5: Seattle Seahawks | BZ5: v | CA5: Los Angeles Rams | CC5: 17 | CD5: Cleveland Browns | CE5: v | CF5: Indianapolis Colts | CH5: 18 | CI5: Indianapolis Colts | CJ5: v | CK5: Jacksonville Jaguars
A6: 1 | B6: Indianapolis Colts | C6: v | D6: Baltimore Ravens | F6: 2 | G6: New England Patriots | H6: v | I6: Pittsburgh Steelers | K6: 3 | L6: Detroit Lions | M6: v | N6: New York Jets | P6: 4 | Q6: Cincinnati Bengals | R6: v | S6: Jacksonville Jaguars | U6: 5 | V6: New England Patriots | W6: v | X6: Las Vegas Raiders | Z6: 6 | AA6: Indianapolis Colts | AB6: v | AC6: Tennessee Titans | AE6: 7 | AF6: Houston Texans | AG6: v | AH6: New York Giants | AJ6: 8 | AK6: Detroit Lions | AL6: v | AM6: Minnesota Vikings | AO6: 9 | AP6: Kansas City Chiefs | AQ6: v | AR6: New York Jets | AT6: 10 | AU6: Indianapolis Colts | AV6: v | AW6: Miami Dolphins | AY6: 11 | AZ6: Dallas Cowboys | BA6: v | BB6: Tennessee Titans | BD6: 12 | BE6: Pittsburgh Steelers | BF6: v | BG6: Denver Broncos | BI6: 13 | BJ6: New Orleans Saints | BK6: v | BL6: Green Bay Packers | BN6: 14 | BO6: Miami Dolphins | BP6: v | BQ6: Chicago Bears | BS6: 15 | BT6: Green Bay Packers | BU6: v | BV6: Miami Dolphins | BX6: 16 | BY6: Atlanta Falcons | BZ6: v | CA6: Tampa Bay Buccaneers | CC6: 17 | CD6: Dallas Cowboys | CE6: v | CF6: New York Giants | CH6: 18 | CI6: Arizona Cardinals | CJ6: v | CK6: San Francisco 49ers
A7: 1 | B7: Detroit Lions | C7: v | D7: New Orleans Saints | F7: 2 | G7: New York Jets | H7: v | I7: Green Bay Packers | K7: 3 | L7: Jacksonville Jaguars | M7: v | N7: New England Patriots | P7: 4 | Q7: Houston Texans | R7: v | S7: Dallas Cowboys | U7: 5 | V7: New York Jets | W7: v | X7: Cleveland Browns | Z7: 6 | AA7: New England Patriots | AB7: v | AC7: New York Jets | AE7: 7 | AF7: Minnesota Vikings | AG7: v | AH7: Indianapolis Colts | AJ7: 8 | AK7: Jacksonville Jaguars | AL7: v | AM7: Indianapolis Colts | AO7: 9 | AP7: Miami Dolphins | AQ7: v | AR7: Detroit Lions | AT7: 10 | AU7: Green Bay Packers | AV7: v | AW7: Minnesota Vikings | AY7: 11 | AZ7: Detroit Lions | BA7: v | BB7: Tampa Bay Buccaneers | BD7: 12 | BE7: Cincinnati Bengals | BF7: v | BG7: New Orleans Saints | BI7: 13 | BJ7: New York Giants | BK7: v | BL7: San Francisco 49ers | BN7: 14 | BO7: New York Jets | BP7: v | BQ7: Denver Broncos | BS7: 15 | BT7: Houston Texans | BU7: v | BV7: Jacksonville Jaguars | BX7: 16 | BY7: Indianapolis Colts | BZ7: v | CA7: Cincinnati Bengals | CC7: 17 | CD7: Jacksonville Jaguars | CE7: v | CF7: Washington Commanders | CH7: 18 | CI7: Denver Broncos | CJ7: v | CK7: Los Angeles Chargers
A8: 1 | B8: Houston Texans | C8: v | D8: Buffalo Bills | F8: 2 | G8: Tennessee Titans | H8: v | I8: Philadelphia Eagles | K8: 3 | L8: Miami Dolphins | M8: v | N8: Kansas City Chiefs | P8: 4 | Q8: New York Giants | R8: v | S8: Arizona Cardinals | U8: 5 | V8: Tennessee Titans | W8: v | X8: Houston Texans | Z8: 6 | AA8: New York Giants | AB8: v | AC8: New Orleans Saints | AE8: 7 | AF8: New York Jets | AG8: v | AH8: Miami Dolphins | AJ8: 8 | AK8: New York Jets | AL8: v | AM8: Las Vegas Raiders | AO8: 9 | AP8: New Orleans Saints | AQ8: v | AR8: Cleveland Browns | AT8: 10 | AU8: New Orleans Saints | AV8: v | AW8: Carolina Panthers | AY8: 11 | AZ8: Kansas City Chiefs | BA8: v | BB8: Arizona Cardinals | BD8: 12 | BE8: Cleveland Browns | BF8: v | BG8: Las Vegas Raiders | BI8: 13 | BJ8: Tennessee Titans | BK8: v | BL8: Washington Commanders | BN8: 14 | BO8: Philadelphia Eagles | BP8: v | BQ8: Indianapolis Colts | BS8: 15 | BT8: New York Giants | BU8: v | BV8: Cleveland Browns | BX8: 16 | BY8: Miami Dolphins | BZ8: v | CA8: Los Angeles Chargers | CC8: 17 | CD8: Miami Dolphins | CE8: v | CF8: Buffalo Bills | CH8: 18 | CI8: Green Bay Packers | CJ8: v | CK8: Detroit Lions
A9: 1 | B9: Jacksonville Jaguars | C9: v | D9: Cleveland Browns | F9: 2 | G9: Baltimore Ravens | H9: v | I9: New Orleans Saints | K9: 3 | L9: New York Giants | M9: v | N9: Tennessee Titans | P9: 4 | Q9: Philadelphia Eagles | R9: v | S9: Los Angeles Rams | U9: 5 | V9: Pittsburgh Steelers | W9: v | X9: Indianapolis Colts | Z9: 6 | AA9: Philadelphia Eagles | AB9: v | AC9: Carolina Panthers | AE9: 7 | AF9: Tennessee Titans | AG9: v | AH9: Cleveland Browns | AJ9: 8 | AK9: Pittsburgh Steelers | AL9: v | AM9: Cleveland Browns | AO9: 9 | AP9: Philadelphia Eagles | AQ9: v | AR9: New York Giants | AT9: 10 | AU9: New York Jets | AV9: v | AW9: Buffalo Bills | AY9: 11 | AZ9: New York Giants | BA9: v | BB9: Jacksonville Jaguars | BD9: 12 | BE9: Indianapolis Colts | BF9: v | BG9: New York Giants | BI9: 13 | BJ9: Tampa Bay Buccaneers | BK9: v | BL9: Los Angeles Chargers | BN9: 14 | BO9: Baltimore Ravens | BP9: v | BQ9: Tampa Bay Buccaneers | BS9: 15 | BT9: Tennessee Titans | BU9: v | BV9: Indianapolis Colts | BX9: 16 | BY9: Minnesota Vikings | BZ9: v | CA9: Washington Commanders | CC9: 17 | CD9: New England Patriots | CE9: v | CF9: Denver Broncos | CH9: 18 | CI9: Houston Texans | CJ9: v | CK9: Tennessee Titans
A10: 1 | B10: Tennessee Titans | C10: v | D10: New York Jets | F10: 2 | G10: Tampa Bay Buccaneers | H10: v | I10: Cleveland Browns | K10: 3 | L10: Pittsburgh Steelers | M10: v | N10: Cincinnati Bengals | P10: 4 | Q10: Baltimore Ravens | R10: v | S10: Tennessee Titans | U10: 5 | V10: Washington Commanders | W10: v | X10: New York Giants | Z10: 6 | AA10: Tampa Bay Buccaneers | AB10: v | AC10: Pittsburgh Steelers | AE10: 7 | AF10: Baltimore Ravens | AG10: v | AH10: Cincinnati Bengals | AJ10: 8 | AK10: Tampa Bay Buccaneers | AL10: v | AM10: Atlanta Falcons | AO10: 9 | AP10: Washington Commanders | AQ10: v | AR10: Los Angeles Rams | AT10: 10 | AU10: Tennessee Titans | AV10: v | AW10: Jacksonville Jaguars | AY10: 11 | AZ10: Los Angeles Chargers | BA10: v | BB10: New York Jets | BD10: 12 | BE10: Houston Texans | BF10: v | BG10: Baltimore Ravens | BI10: 13 | BJ10: Arizona Cardinals | BK10: v | BL10: Philadelphia Eagles | BN10: 14 | BO10: Washington Commanders | BP10: v | BQ10: Houston Texans | BS10: 15 | BT10: Pittsburgh Steelers | BU10: v | BV10: Baltimore Ravens | BX10: 16 | BY10: New Orleans Saints | BZ10: v | CA10: Arizona Cardinals | CC10: 17 | CD10: New York Jets | CE10: v | CF10: Minnesota Vikings | CH10: 18 | CI10: Kansas City Chiefs | CJ10: v | CK10: Las Vegas Raiders
A11: 1 | B11: Pittsburgh Steelers | C11: v | D11: Atlanta Falcons | F11: 2 | G11: Denver Broncos | H11: v | I11: Jacksonville Jaguars | K11: 3 | L11: Washington Commanders | M11: v | N11: Seattle Seahawks | P11: 4 | Q11: Tampa Bay Buccaneers | R11: v | S11: Green Bay Packers | U11: 5 | V11: Los Angeles Chargers | W11: v | X11: Denver Broncos | Z11: 6 | AA11: Los Angeles Rams | AB11: v | AC11: Arizona Cardinals | AE11: 7 | AF11: Arizona Cardinals | AG11: v | AH11: Denver Broncos | AJ11: 8 | AK11: Los Angeles Rams | AL11: v | AM11: Los Angeles Chargers | AO11: 9 | AP11: Los Angeles Chargers | AQ11: v | AR11: Houston Texans | AT11: 10 | AU11: Arizona Cardinals | AV11: v | AW11: Los Angeles Rams | AY11: 11 | AZ11: Denver Broncos | BA11: v | BB11: Las Vegas Raiders | BD11: 12 | BE11: Miami Dolphins | BF11: v | BG11: New York Jets | BI11: 13 | BJ11: Denver Broncos | BK11: v | BL11: Miami Dolphins | BN11: 14 | BO11: Las Vegas Raiders | BP11: v | BQ11: Los Angeles Chargers | BS11: 15 | BT11: Tampa Bay Buccaneers | BU11: v | BV11: New Orleans Saints | BX11: 16 | BY11: New York Jets | BZ11: v | CA11: New England Patriots | CC11: 17 | CD11: Tennessee Titans | CE11: v | CF11: Pittsburgh Steelers | CH11: 18 | CI11: Minnesota Vikings | CJ11: v | CK11: Chicago Bears
A12: 1 | B12: Minnesota Vikings | C12: v | D12: Green Bay Packers | F12: 2 | G12: Los Angeles Chargers | H12: v | I12: Las Vegas Raiders | K12: 3 | L12: San Francisco 49ers | M12: v | N12: Arizona Cardinals | P12: 4 | Q12: Minnesota Vikings | R12: v | S12: Miami Dolphins | U12: 5 | V12: Arizona Cardinals | W12: v | X12: Detroit Lions | Z12: 6 | AA12: Kansas City Chiefs | AB12: v | AC12: Los Angeles Chargers | AE12: 7 | AF12: Detroit Lions | AG12: v | AH12: Green Bay Packers | AJ12: 8 | AK12: Denver Broncos | AL12: v | AM12: Kansas City Chiefs | AO12: 9 | AP12: San Francisco 49ers | AQ12: v | AR12: Las Vegas Raiders | AT12: 10 | AU12: Las Vegas Raiders | AV12: v | AW12: Seattle Seahawks | AY12: 11 | AZ12: Philadelphia Eagles | BA12: v | BB12: Pittsburgh Steelers | BD12: 12 | BE12: Minnesota Vikings | BF12: v | BG12: Atlanta Falcons | BI12: 13 | BJ12: Minnesota Vikings | BK12: v | BL12: Carolina Panthers | BN12: 14 | BO12: Cincinnati Bengals | BP12: v | BQ12: Kansas City Chiefs | BS12: 15 | BT12: Washington Commanders | BU12: v | BV12: Atlanta Falcons | BX12: 16 | BY12: Pittsburgh Steelers | BZ12: v | CA12: Carolina Panthers | CC12: 17 | CD12: Los Angeles Chargers | CE12: v | CF12: Kansas City Chiefs | CH12: 18 | CI12: New Orleans Saints | CJ12: v | CK12: Tampa Bay Buccaneers
A13: 1 | B13: Philadelphia Eagles | C13: v | D13: Washington Commanders | F13: 2 | G13: Arizona Cardinals | H13: v | I13: Seattle Seahawks | K13: 3 | L13: Tampa Bay Buccaneers | M13: v | N13: Minnesota Vikings | P13: 4 | Q13: Las Vegas Raiders | R13: v | S13: Kansas City Chiefs | U13: 5 | V13: Green Bay Packers | W13: v | X13: Chicago Bears | Z13: 6 | AA13: Las Vegas Raiders | AB13: v | AC13: Buffalo Bills | AE13: 7 | AF13: Las Vegas Raiders | AG13: v | AH13: Los Angeles Rams | AJ13: 8 | AK13: Miami Dolphins | AL13: v | AM13: New England Patriots | AO13: 9 | AP13: New England Patriots | AQ13: v | AR13: Green Bay Packers | AT13: 10 | AU13: Dallas Cowboys | AV13: v | AW13: San Francisco 49ers | AY13: 11 | AZ13: San Francisco 49ers | BA13: v | BB13: Minnesota Vikings | BD13: 12 | BE13: Jacksonville Jaguars | BF13: v | BG13: Tennessee Titans | BI13: 13 | BJ13: New England Patriots | BK13: v | BL13: Buffalo Bills | BN13: 14 | BO13: Seattle Seahawks | BP13: v | BQ13: New York Giants | BS13: 15 | BT13: Arizona Cardinals | BU13: v | BV13: New York Jets | BX13: 16 | BY13: Baltimore Ravens | BZ13: v | CA13: Cleveland Browns | CC13: 17 | CD13: Tampa Bay Buccaneers | CE13: v | CF13: Los Angeles Rams | CH13: 18 | CI13: New England Patriots | CJ13: v | CK13: Miami Dolphins
A14: 1 | B14: Las Vegas Raiders | C14: v | D14: Miami Dolphins | F14: 2 | G14: Dallas Cowboys | H14: v | I14: Washington Commanders | K14: 3 | L14: Dallas Cowboys | M14: v | N14: Baltimore Ravens | P14: 4 | Q14: Seattle Seahawks | R14: v | S14: Los Angeles Chargers | U14: 5 | V14: Seattle Seahawks | W14: v | X14: San Francisco 49ers | Z14: 6 | AA14: Green Bay Packers | AB14: v | AC14: Dallas Cowboys | AE14: 7 | AF14: Seattle Seahawks | AG14: v | AH14: Kansas City Chiefs | AJ14: 8 | AK14: Washington Commanders | AL14: v | AM14: Philadelphia Eagles | AO14: 9 | AP14: Seattle Seahawks | AQ14: v | AR14: Arizona Cardinals | AT14: 10 | AU14: Cincinnati Bengals | AV14: v | AW14: Pittsburgh Steelers | AY14: 11 | AZ14: Washington Commanders | BA14: v | BB14: Cincinnati Bengals | BD14: 12 | BE14: Arizona Cardinals | BF14: v | BG14: Washington Commanders | BI14: 13 | BJ14: Pittsburgh Steelers | BK14: v | BL14: Houston Texans | BN14: 14 | BO14: San Francisco 49ers | BP14: v | BQ14: Los Angeles Rams | BS14: 15 | BT14: Las Vegas Raiders | BU14: v | BV14: Denver Broncos | BX14: 16 | BY14: Las Vegas Raiders | BZ14: v | CA14: Tennessee Titans | CC14: 17 | CD14: Arizona Cardinals | CE14: v | CF14: Las Vegas Raiders | CH14: 18 | CI14: New York Giants | CJ14: v | CK14: Philadelphia Eagles
A15: 1 | B15: Los Angeles Chargers | C15: v | D15: Arizona Cardinals | F15: 2 | G15: San Francisco 49ers | H15: v | I15: Miami Dolphins | K15: 3 | L15: New Orleans Saints | M15: v | N15: Las Vegas Raiders | P15: 4 | Q15: San Francisco 49ers | R15: v | S15: Denver Broncos | U15: 5 | V15: Atlanta Falcons | W15: v | X15: Baltimore Ravens | Z15: 6 | AA15: San Francisco 49ers | AB15: v | AC15: Washington Commanders | AE15: 7 | AF15: Philadelphia Eagles | AG15: v | AH15: Dallas Cowboys | AJ15: 8 | AK15: Seattle Seahawks | AL15: v | AM15: Chicago Bears | AO15: 9 | AP15: Chicago Bears | AQ15: v | AR15: Tampa Bay Buccaneers | AT15: 10 | AU15: Baltimore Ravens | AV15: v | AW15: Los Angeles Chargers | BD15: 12 | BE15: San Francisco 49ers | BF15: v | BG15: Seattle Seahawks | BI15: 13 | BJ15: Seattle Seahawks | BK15: v | BL15: Dallas Cowboys | BN15: 14 | BO15: Green Bay Packers | BP15: v | BQ15: Buffalo Bills | BS15: 15 | BT15: Los Angeles Rams | BU15: v | BV15: Dallas Cowboys | BX15: 16 | BY15: Kansas City Chiefs | BZ15: v | CA15: San Francisco 49ers | CC15: 17 | CD15: Chicago Bears | CE15: v | CF15: Detroit Lions | CH15: 18 | CI15: Los Angeles Rams | CJ15: v | CK15: Seattle Seahawks
A16: 1 | B16: New York Giants | C16: v | D16: Dallas Cowboys | F16: 2 | G16: Kansas City Chiefs | H16: v | I16: Indianapolis Colts | K16: 3 | L16: Denver Broncos | M16: v | N16: Los Angeles Rams | P16: 4 | Q16: Carolina Panthers | R16: v | S16: Detroit Lions | U16: 5 | V16: Los Angeles Rams | W16: v | X16: Buffalo Bills | AO16: 9 | AP16: Minnesota Vikings | AQ16: v | AR16: Buffalo Bills | BD16: 12 | BE16: Los Angeles Chargers | BF16: v | BG16: New England Patriots | BN16: 14 | BO16: Jacksonville Jaguars | BP16: v | BQ16: Pittsburgh Steelers | BS16: 15 | BT16: Minnesota Vikings | BU16: v | BV16: Detroit Lions | BX16: 16 | BY16: Dallas Cowboys | BZ16: v | CA16: Jacksonville Jaguars | CC16: 17 | CD16: San Francisco 49ers | CE16: v | CF16: Philadelphia Eagles | CH16: 18 | CI16: Baltimore Ravens | CJ16: v | CK16: Pittsburgh Steelers
A17: 1 | B17: Kansas City Chiefs | C17: v | D17: Denver Broncos | F17: 2 | G17: Los Angeles Rams | H17: v | I17: New York Giants | K17: 3 | L17: Chicago Bears | M17: v | N17: Philadelphia Eagles | P17: 4 | Q17: New Orleans Saints | R17: v | S17: Atlanta Falcons | BD17: 12 | BE17: Tampa Bay Buccaneers | BF17: v | BG17: Carolina Panthers | BS17: 15 | BT17: Kansas City Chiefs | BU17: v | BV17: New England Patriots | BX17: 16 | BY17: Detroit Lions | BZ17: v | CA17: New York Giants | CC17: 17 | CD17: Green Bay Packers | CE17: v | CF17: Houston Texans | CH17: 18 | CI17: Washington Commanders | CJ17: v | CK17: Dallas Cowboys

Sheet Game Lines
A1: Requests Used | B1: 17
A2: Requests Remaining | B2: 483
A3: Last Updated | B3: 46282.684
A5: Game Time | B5: Away Team | C5: Home Team | D5: Moneyline Away | E5: Moneyline Home | F5: Spread Away | G5: Spread Away Odds | H5: Spread Home | I5: Spread Home Odds | J5: Line Last Updated
A6: 46282.844 | B6: Detroit Lions | C6: Buffalo Bills | D6: 3.05 | E6: 1.4 | F6: 5.5 | G6: 1.91 | H6: -5.5 | I6: 1.91 | J6: 46282.683
A7: 46285.542 | B7: Carolina Panthers | C7: Atlanta Falcons | D7: 1.65 | E7: 2.3 | F7: -2.5 | G7: 1.85 | H7: 2.5 | I7: 1.98 | J7: 46282.683
A8: 46285.542 | B8: New Orleans Saints | C8: Baltimore Ravens | D8: 4 | E8: 1.26 | F8: 8.5 | G8: 1.87 | H8: -8.5 | I8: 1.95 | J8: 46282.683
A9: 46285.542 | B9: Minnesota Vikings | C9: Chicago Bears | D9: 2.64 | E9: 1.51 | F9: 4.5 | G9: 1.89 | H9: -4.5 | I9: 1.93 | J9: 46282.683
A10: 46285.542 | B10: Cincinnati Bengals | C10: Houston Texans | D10: 2.2 | E10: 1.7 | F10: 2.5 | G10: 1.98 | H10: -2.5 | I10: 1.85 | J10: 46282.683
A11: 46285.542 | B11: Cleveland Browns | C11: Tampa Bay Buccaneers | D11: 4.5 | E11: 1.22 | F11: 8.5 | G11: 1.89 | H11: -8.5 | I11: 1.93 | J11: 46282.683
A12: 46285.542 | B12: Green Bay Packers | C12: New York Jets | D12: 1.52 | E12: 2.6 | F12: -3.5 | G12: 1.89 | H12: 3.5 | I12: 1.93 | J12: 46282.683
A13: 46285.542 | B13: Pittsburgh Steelers | C13: New England Patriots | D13: 2.8 | E13: 1.46 | F13: 5.5 | G13: 1.87 | H13: -5.5 | I13: 1.95 | J13: 46282.683
A14: 46285.542 | B14: Philadelphia Eagles | C14: Tennessee Titans | D14: 1.32 | E14: 3.5 | F14: -7 | G14: 1.91 | H14: 7 | I14: 1.91 | J14: 46282.683
A15: 46285.67 | B15: Jacksonville Jaguars | C15: Denver Broncos | D15: 2.24 | E15: 1.68 | F15: 2.5 | G15: 1.98 | H15: -2.5 | I15: 1.85 | J15: 46282.683
A16: 46285.67 | B16: Las Vegas Raiders | C16: Los Angeles Chargers | D16: 3.45 | E16: 1.33 | F16: 6.5 | G16: 1.98 | H16: -6.5 | I16: 1.85 | J16: 46282.683
A17: 46285.684 | B17: Seattle Seahawks | C17: Arizona Cardinals | D17: 1.44 | E17: 2.85 | F17: -3.5 | G17: 1.83 | H17: 3.5 | I17: 2 | J17: 46282.683
... A37: 46293.844 | B37: Philadelphia Eagles | C37: Chicago Bears | D37: 1.98 | E37: 1.85 | F37: 1.5 | G37: 1.87 | H37: -1.5 | I37: 1.95 | J37: 46282.683

Sheet Week Lookup Table
A1: Date | B1: Week
A2: 46274 | B2: 1
A3: =A2+1 -> 46275 | B3: 1
A4: =A3+1 -> 46276 | B4: 1
A5: =A4+1 -> 46277 | B5: 1
A6: =A5+1 -> 46278 | B6: 1
A7: =A6+1 -> 46279 | B7: 1
A8: =A7+1 -> 46280 | B8: 1
A9: =A8+1 -> 46281 | B9: =B2+1 -> 2
A10: =A9+1 -> 46282 | B10: =B3+1 -> 2
A11: =A10+1 -> 46283 | B11: =B4+1 -> 2
A12: =A11+1 -> 46284 | B12: =B5+1 -> 2
A13: =A12+1 -> 46285 | B13: =B6+1 -> 2
A14: =A13+1 -> 46286 | B14: =B7+1 -> 2
A15: =A14+1 -> 46287 | B15: =B8+1 -> 2
A16: =A15+1 -> 46288 | B16: =B9+1 -> 3
A17: =A16+1 -> 46289 | B17: =B10+1 -> 3
A18: =A17+1 -> 46290 | B18: =B11+1 -> 3
A19: =A18+1 -> 46291 | B19: =B12+1 -> 3
A20: =A19+1 -> 46292 | B20: =B13+1 -> 3
... A115: =A114+1 -> 46387 | B115: =B108+1 -> 17
A116: 46023 | B116: =B109+1 -> 17
A117: =A116+1 -> 46024 | B117: =B110+1 -> 17
A118: =A117+1 -> 46025 | B118: =B111+1 -> 17
A119: =A118+1 -> 46026 | B119: =B112+1 -> 17
A120: =A119+1 -> 46027 | B120: =B113+1 -> 17
A121: =A120+1 -> 46028 | B121: =B114+1 -> 18
A122: =A121+1 -> 46029 | B122: =B115+1 -> 18
A123: =A122+1 -> 46030 | B123: =B116+1 -> 18
A124: =A123+1 -> 46031 | B124: =B117+1 -> 18
A125: =A124+1 -> 46032 | B125: =B118+1 -> 18
A126: =A125+1 -> 46033 | B126: =B119+1 -> 18
A127: =A126+1 -> 46034 | B127: =B120+1 -> 18

Sheet Preserved Week 1 Full Season Li
A1: This Table should not be used for anything, it should just be here to be preserved for posterity purposes
A5: Game Time | B5: Away Team | C5: Home Team | D5: Moneyline Away | E5: Moneyline Home | F5: Spread Away | G5: Spread Away Odds | H5: Spread Home | I5: Spread Home Odds | J5: Line Last Updated | K5: Week #
A6: 46274.847 | B6: New England Patriots | C6: Seattle Seahawks | D6: 2.42 | E6: 1.59 | F6: 3 | G6: 1.98 | H6: -3 | I6: 1.85 | J6: 46273.476 | K6: 1
A7: 46275.858 | B7: San Francisco 49ers | C7: Los Angeles Rams | D7: 2.6 | E7: 1.52 | F7: 3.5 | G7: 1.93 | H7: -3.5 | I7: 1.89 | J7: 46273.476 | K7: 1
A8: 46278.542 | B8: Atlanta Falcons | C8: Pittsburgh Steelers | D8: 2.45 | E8: 1.57 | F8: 3 | G8: 2.02 | H8: -3 | I8: 1.82 | J8: 46273.476 | K8: 1
A9: 46278.542 | B9: Baltimore Ravens | C9: Indianapolis Colts | D9: 1.57 | E9: 2.45 | F9: -3.5 | G9: 1.95 | H9: 3.5 | I9: 1.87 | J9: 46273.476 | K9: 1
A10: 46278.542 | B10: Buffalo Bills | C10: Houston Texans | D10: 1.87 | E10: 1.95 | F10: -1.5 | G10: 1.98 | H10: 1.5 | I10: 1.85 | J10: 46273.476 | K10: 1
A11: 46278.542 | B11: Chicago Bears | C11: Carolina Panthers | D11: 1.65 | E11: 2.3 | F11: -3 | G11: 1.98 | H11: 3 | I11: 1.85 | J11: 46273.476 | K11: 1
A12: 46278.542 | B12: Tampa Bay Buccaneers | C12: Cincinnati Bengals | D12: 2.64 | E12: 1.51 | F12: 3.5 | G12: 1.93 | H12: -3.5 | I12: 1.89 | J12: 46273.476 | K12: 1
A13: 46278.542 | B13: Cleveland Browns | C13: Jacksonville Jaguars | D13: 4.3 | E13: 1.24 | F13: 8.5 | G13: 1.89 | H13: -8.5 | I13: 1.93 | J13: 46273.476 | K13: 1
A14: 46278.542 | B14: New Orleans Saints | C14: Detroit Lions | D14: 3.45 | E14: 1.33 | F14: 7 | G14: 1.87 | H14: -7 | I14: 1.95 | J14: 46273.476 | K14: 1
A15: 46278.542 | B15: New York Jets | C15: Tennessee Titans | D15: 2.05 | E15: 1.8 | F15: 1.5 | G15: 1.91 | H15: -1.5 | I15: 1.91 | J15: 46273.476 | K15: 1
A16: 46278.684 | B16: Arizona Cardinals | C16: Los Angeles Chargers | D16: 4.8 | E16: 1.2 | F16: 10 | G16: 1.87 | H16: -10 | I16: 1.95 | J16: 46273.476 | K16: 1
A17: 46278.684 | B17: Green Bay Packers | C17: Minnesota Vikings | D17: 2.05 | E17: 1.8 | F17: 1.5 | G17: 1.93 | H17: -1.5 | I17: 1.89 | J17: 46273.476 | K17: 1
... A277: 46032.67 | B277: Seattle Seahawks | C277: Los Angeles Rams | D277: 2.3 | E277: 1.65 | F277: 3 | G277: 1.91 | H277: -3 | I277: 1.91 | J277: 46273.476 | K277: 18

Sheet Run #1 Output
A1: Generated: 9/8/2026, 11:41:23 PM
A2: THIS WEEK'S PICK (Week 1)
A3: Jacksonville Jaguars | B3: 0.77617329
A5: Top alternatives this week
A6: Team | B6: Win Probability | C6: Power Ranking
A7: Los Angeles Chargers | B7: 0.8 | C7: 0.56280835
A8: Jacksonville Jaguars | B8: 0.77617329 | C8: 0.49003795
A9: Detroit Lions | B9: 0.72175732 | C9: 0.60142315
A10: Cincinnati Bengals | B10: 0.63614458 | C10: 0.60597723
A11: Las Vegas Raiders | B11: 0.62254902 | C11: 0.31499051
A14: Full remaining-season plan (recomputed weekly — not locked in)
A15: Week | B15: Planned Team | C15: Win Probability | D15: Power Ranking
A16: 1 | B16: Jacksonville Jaguars | C16: 0.77617329 | D16: 0.49003795
A17: 2 | B17: San Francisco 49ers | C17: 0.83687943 | D17: 0.55370019
A18: 3 | B18: Kansas City Chiefs | C18: 0.78152753 | D18: 0.61736243
A19: 4 | B19: Minnesota Vikings | C19: 0.77205882 | D19: 0.48548387
A20: 5 | B20: Detroit Lions | C20: 0.76635514 | D20: 0.60142315
A21: 6 | B21: Los Angeles Rams | C21: 0.76666667 | D21: 0.67647059
A22: 7 | B22: Denver Broncos | C22: 0.75048733 | D22: 0.54686907
A23: 8 | B23: Dallas Cowboys | C23: 0.81210191 | D23: 0.54231499
A24: 9 | B24: Seattle Seahawks | C24: 0.85768742 | D24: 0.61963947
A25: 10 | B25: Indianapolis Colts | C25: 0.72614108 | D25: 0.42865275
A26: 11 | B26: Los Angeles Chargers | C26: 0.77617329 | D26: 0.56280835
A27: 12 | B27: Cincinnati Bengals | C27: 0.71428571 | D27: 0.60597723
... A33: 18 | B33: New England Patriots | C33: 0.81775701 | D33: 0.61053131

Sheet Preserved Week 2 Line Export
A1: Game Time | B1: Away Team | C1: Home Team | D1: Moneyline Away | E1: Moneyline Home | F1: Spread Away | G1: Spread Away Odds | H1: Spread Home | I1: Spread Home Odds | J1: Line Last Updated
A2: 46282.844 | B2: Detroit Lions | C2: Buffalo Bills | D2: 3.05 | E2: 1.4 | F2: 5.5 | G2: 1.91 | H2: -5.5 | I2: 1.91 | J2: 46282.683
A3: 46285.542 | B3: Carolina Panthers | C3: Atlanta Falcons | D3: 1.65 | E3: 2.3 | F3: -2.5 | G3: 1.85 | H3: 2.5 | I3: 1.98 | J3: 46282.683
A4: 46285.542 | B4: New Orleans Saints | C4: Baltimore Ravens | D4: 4 | E4: 1.26 | F4: 8.5 | G4: 1.87 | H4: -8.5 | I4: 1.95 | J4: 46282.683
A5: 46285.542 | B5: Minnesota Vikings | C5: Chicago Bears | D5: 2.64 | E5: 1.51 | F5: 4.5 | G5: 1.89 | H5: -4.5 | I5: 1.93 | J5: 46282.683
A6: 46285.542 | B6: Cincinnati Bengals | C6: Houston Texans | D6: 2.2 | E6: 1.7 | F6: 2.5 | G6: 1.98 | H6: -2.5 | I6: 1.85 | J6: 46282.683
A7: 46285.542 | B7: Cleveland Browns | C7: Tampa Bay Buccaneers | D7: 4.5 | E7: 1.22 | F7: 8.5 | G7: 1.89 | H7: -8.5 | I7: 1.93 | J7: 46282.683
A8: 46285.542 | B8: Green Bay Packers | C8: New York Jets | D8: 1.52 | E8: 2.6 | F8: -3.5 | G8: 1.89 | H8: 3.5 | I8: 1.93 | J8: 46282.683
A9: 46285.542 | B9: Pittsburgh Steelers | C9: New England Patriots | D9: 2.8 | E9: 1.46 | F9: 5.5 | G9: 1.87 | H9: -5.5 | I9: 1.95 | J9: 46282.683
A10: 46285.542 | B10: Philadelphia Eagles | C10: Tennessee Titans | D10: 1.32 | E10: 3.5 | F10: -7 | G10: 1.91 | H10: 7 | I10: 1.91 | J10: 46282.683
A11: 46285.67 | B11: Jacksonville Jaguars | C11: Denver Broncos | D11: 2.24 | E11: 1.68 | F11: 2.5 | G11: 1.98 | H11: -2.5 | I11: 1.85 | J11: 46282.683
A12: 46285.67 | B12: Las Vegas Raiders | C12: Los Angeles Chargers | D12: 3.45 | E12: 1.33 | F12: 6.5 | G12: 1.98 | H12: -6.5 | I12: 1.85 | J12: 46282.683
A13: 46285.684 | B13: Seattle Seahawks | C13: Arizona Cardinals | D13: 1.44 | E13: 2.85 | F13: -3.5 | G13: 1.83 | H13: 3.5 | I13: 2 | J13: 46282.683
... A33: 46293.844 | B33: Philadelphia Eagles | C33: Chicago Bears | D33: 1.98 | E33: 1.85 | F33: 1.5 | G33: 1.87 | H33: -1.5 | I33: 1.95 | J33: 46282.683
